{"cameraMode":{"drawMode":0,"name":"Shaded","section":"Shading Mode"},"sceneLighting":false,"audioPlay":false,"sceneViewState":{"showFog":true,"showMaterialUpdate":false,"showSkybox":false,"showFlares":true,"showImageEffects":true,"showParticleSystems":true,"showVisualEffectGraphs":true,"m_FxEnabled":true},"in2DMode":false,"pivot":{"x":403.4601135253906,"y":265.1731872558594,"z":-480.09197998046877},"rotation":{"x":0.03236832842230797,"y":0.04046865180134773,"z":-0.0013068909756839276,"w":0.9986664652824402},"size":10.64876651763916,"orthographic":false}