{"cameraMode":{"drawMode":0,"name":"Shaded","section":"Shading Mode"},"sceneLighting":false,"audioPlay":false,"sceneViewState":{"showFog":true,"showMaterialUpdate":false,"showSkybox":false,"showFlares":true,"showImageEffects":true,"showParticleSystems":true},"in2DMode":false,"pivot":{"x":3.0977463722229006,"y":1.5146820545196534,"z":0.585792064666748},"rotation":{"x":0.1335991621017456,"y":0.8589298725128174,"z":-0.2830235958099365,"w":0.40539759397506716},"size":11.247066497802735,"orthographic":false}