{"cameraMode":{"drawMode":0,"name":"Shaded","section":"Shading Mode"},"sceneLighting":false,"audioPlay":false,"sceneViewState":{"showFog":true,"showMaterialUpdate":false,"showSkybox":false,"showFlares":true,"showImageEffects":true,"showParticleSystems":true,"showVisualEffectGraphs":true,"m_FxEnabled":true},"in2DMode":false,"pivot":{"x":0.14999999105930329,"y":0.4500000476837158,"z":0.14999999105930329},"rotation":{"x":0.23426958918571473,"y":-0.7116576433181763,"z":0.277182012796402,"w":0.6015441417694092},"size":1.0392308235168458,"orthographic":false}